model,face
face-detection-adas-0001,0.38910250204327657
face-detection-retail-0004,0.3931379352006019
face-detection-retail-0005,0.42160880480122115
opencv-face-detection,0.4281232868605109
